Fund Name,P1,P2,P3,P4,P5,Distance from Ideal Best,Distance from Ideal Worst,TOPSIS Score,Rank
M1,0.40737248328000986,0.45146733089784663,0.446634428070903,0.5316279317152608,0.2663608493025653,36.43063809941072,67.60261971242272,0.64981738661589,8
M2,0.42126018157364653,0.4866466034353411,0.6305427219824512,0.6619142135722402,0.3333450865532104,36.27442332844629,67.44299395100659,0.6502571672151298,5
M3,0.29164166416637066,0.23452848358329695,0.394089201239032,0.6319633441798311,0.30366187553625784,36.33264719752547,67.50197905063865,0.6500912218753437,6
M4,0.31941706075364407,0.2814341802999563,0.8801325494338382,0.7218159523570583,0.36828196323688017,36.196023396450194,67.3546373610923,0.650451062970994,3
M5,0.38885555222182755,0.41628805836035204,0.788178402478064,0.9793934291317762,0.47913430880461444,35.92129602073617,67.08554949917112,0.651272730084779,1
M6,0.31478782798909855,0.2697077561207915,0.7224968689382254,0.5855394966215971,0.3005096761362275,36.35505944866046,67.51730505498612,0.6500025813181121,7
M7,0.3240462935181896,0.2872973923895388,0.8538599360179028,0.7697373433849127,0.38798320948706994,36.146047650062584,67.30563882579067,0.650599725520188,2
M8,0.3379339918118263,0.31075024074786844,0.7750420957700964,0.681382278677306,0.34595388415333184,36.246472888389306,67.4084175781802,0.6503158439969658,4
